FLD–¼,ƒf[ƒ^í—Ş,•¨Œí•Ê,’l,€–Ú–¼
?,,,1,—L
?,,,2,–³
fld001,,,1,”„•¨Œî•ñ
fld001,,,2,¬–ñ–—á•¨Œî•ñi”„‚è•¨Œj
fld001,,,3,’À‘İ•¨Œî•ñ
fld001,,,4,‰ïˆõî•ñ
fld001,,,5,¬–ñ–—á•¨Œî•ñ
fld001,,,11,ƒI[ƒNƒVƒ‡ƒ“
fld001,,,12,¬–ñƒI[ƒNƒVƒ‡ƒ“
fld002,1,1,,”„”ƒ“y’n
fld002,1,2,,”„”ƒˆêŒËŒšZ‘î“™
fld002,1,3,,”„”ƒƒ}ƒ“ƒVƒ‡ƒ““™
fld002,1,4,,”„”ƒZ‘îˆÈŠOŒš•¨‘S•”
fld002,1,5,,”„”ƒZ‘îˆÈŠOŒš•¨ˆê•”
fld002,3,1,,’À‘İ“y’n
fld002,3,2,,’À‘İˆêŒËŒšZ‘î“™
fld002,3,3,,’À‘İƒ}ƒ“ƒVƒ‡ƒ““™
fld002,3,4,,’À‘İZ‘îˆÈŠOŒš•¨‘S•”
fld002,3,5,,’À‘İZ‘îˆÈŠOŒš•¨ˆê•”
fld003,1,1,1,”„’n
fld003,1,1,2,Ø’nŒ 
fld003,1,1,3,’ê’nŒ 
fld003,1,2,1,V’zˆêŒËŒšZ‘î
fld003,1,2,2,’†ŒÃˆêŒËŒšZ‘î
fld003,1,2,3,V’zƒeƒ‰ƒXƒnƒEƒXi˜A“®j
fld003,1,2,4,’†ŒÃƒeƒ‰ƒXƒnƒEƒXi˜A“®j
fld003,1,3,1,V’zƒ}ƒ“ƒVƒ‡ƒ“
fld003,1,3,2,’†ŒÃƒ}ƒ“ƒVƒ‡ƒ“
fld003,1,3,7,V’zƒ^ƒEƒ“ƒnƒEƒX
fld003,1,3,8,’†ŒÃƒ^ƒEƒ“ƒnƒEƒX
fld003,1,3,9,V’zƒŠƒ][ƒgƒ}ƒ“ƒVƒ‡ƒ“
fld003,1,3,10,’†ŒÃƒŠƒ][ƒgƒ}ƒ“ƒVƒ‡ƒ“
fld003,1,3,99,‚»‚Ì‘¼
fld003,1,4,1,“X•Ü
fld003,1,4,2,“X•Ü•tZ‘î
fld003,1,4,3,Z‘î•t‚«“X•Ü
fld003,1,4,4,––±Š
fld003,1,4,5,“X•Ü––±Š
fld003,1,4,6,ƒrƒ‹
fld003,1,4,7,Hê
fld003,1,4,8,ƒ}ƒ“ƒVƒ‡ƒ“
fld003,1,4,9,‘qŒÉ
fld003,1,4,10,ƒAƒp[ƒg
fld003,1,4,11,—¾
fld003,1,4,12,—·ŠÙ
fld003,1,4,13,ƒzƒeƒ‹
fld003,1,4,14,•Ê‘‘
fld003,1,4,15,ƒŠƒ][ƒgƒ}ƒ“ƒVƒ‡ƒ“
fld003,1,4,16,•¶‰»Z‘î
fld003,1,4,99,‚»‚Ì‘¼
fld003,1,5,1,“X•Ü
fld003,1,5,2,––±Š
fld003,1,5,3,“X•ÜF––±Š
fld003,1,5,99,‚»‚Ì‘¼
fld003,3,1,1,‹Z—p’n
fld003,3,1,2,–‹Æ—p’n
fld003,3,2,1,‘İ‰Æ
fld003,3,2,2,ƒeƒ‰ƒXƒnƒEƒX
fld003,3,3,1,ƒ}ƒ“ƒVƒ‡ƒ“
fld003,3,3,2,ƒAƒp[ƒg
fld003,3,3,3,ƒ^ƒEƒ“ƒnƒEƒX
fld003,3,3,4,ŠÔØ‚è
fld003,3,3,5,•¶‰»Z‘î
fld003,3,4,1,“X•ÜŒËŒš
fld003,3,4,2,––±Š
fld003,3,4,3,Hê
fld003,3,4,4,‘qŒÉ
fld003,3,4,5,ƒ}ƒ“ƒVƒ‡ƒ“iˆêŠ‡j
fld003,3,4,6,—·ŠÙ“™
fld003,3,4,7,—¾
fld003,3,4,8,•Ê‘‘
fld003,3,4,9,ƒrƒ‹
fld003,3,4,10,Z‘î•t“X•ÜŒËŒš
fld003,3,4,11,“X•Ü––±Š
fld003,3,4,99,‚»‚Ì‘¼
fld003,3,5,1,“X•Üˆê•”
fld003,3,5,2,––±Š
fld003,3,5,3,“X•Ü––±Š
fld003,3,5,4,Z‘î•t“X•Üˆê•”
fld003,3,5,5,ƒ}ƒ“ƒVƒ‡ƒ“iˆêºj
fld003,3,5,6,—·ŠÙ“™
fld003,3,5,7,—¾
fld003,3,5,8,•Ê‘‘
fld003,3,5,9,ƒrƒ‹
fld003,3,5,10,Z‘î•t“X•ÜŒËŒš
fld003,3,5,11,“X•Ü––±Š
fld003,3,5,99,‚»‚Ì‘¼
fld010,,,0,–³‚µ
fld010,,,2,—L‚è
fld010,,,3,—L‚èi‚ç‚­‚ç‚­“o˜^E•ÏXj
fld015,,,1,V’z
fld015,,,2,’†ŒÃ
fld016,,,1,“Á—D’À‘İZ‘î
fld038,1,1,1,X’n
fld038,1,1,2,ã•¨—L
fld038,1,2,1,Š—LÒ‹Z’†
fld038,1,2,2,‹ó‰Æ
fld038,1,2,3,’À‘İ’†
fld038,1,2,4,–¢Š®¬
fld038,1,2,‚P,Š—LÒ‹Z’†
fld038,1,3,‚P,Š—LÒ‹Z’†
fld038,1,3,2,‹ó‰Æ
fld038,1,3,3,’À‘İ’†
fld038,1,3,4,–¢Š®¬
fld038,1,4,‚P,Š—LÒ‹Z’†
fld038,1,4,2,‹ó‰Æ
fld038,1,4,3,’À‘İ’†
fld038,1,4,4,–¢Š®¬
fld038,1,5,‚P,Š—LÒ‹Z’†
fld038,1,5,2,‹ó‰Æ
fld038,1,5,3,’À‘İ’†
fld038,1,5,4,–¢Š®¬
fld040,,,1,‘¦
fld040,,,2,‘Š’k
fld040,,,3,Šú“úw’è
fld040,,,4,—\’è
fld042,,,1,ã{
fld042,,,2,’†{
fld042,,,3,‰º{
fld044,1,,1,”„å
fld044,1,,2,‘ã—
fld044,1,,3,ê‘®ê”C”}‰î
fld044,1,,4,ê”C”}‰î
fld044,1,,5,ˆê”Ê”}‰î
fld044,3,,1,‘İå
fld044,3,,2,‘ã—
fld044,3,,3,ê”C”}‰î
fld044,3,,4,ˆê”Ê”}‰î
fld044,3,,9,‚»‚Ì‘¼
fld045,1,,1,•ª‚©‚ê
fld045,1,,2,“–•û•s•¥
fld045,1,,4,“–•û•Ğè”
fld045,1,,5,‘ã—Ü”¼
fld045,1,,9,‘Š’k
fld045,3,,1,•ª‚©‚ê
fld045,3,,2,“–•û•s•¥
fld045,3,,3,“–•û‘SŠz
fld045,3,,4,“–•û”¼Šz
fld045,3,,5,‘İåÜ”¼
fld045,3,,6,ØåÜ”¼
fld045,3,,9,‘Š’k
fld067,1,1,‚P,Œö•ë
fld067,1,1,2,À‘ª
fld067,1,3,‚P,•Çc
fld067,1,3,2,“à–@
fld067,1,5,1,•Çc
fld067,1,5,2,“à–@
fld067,3,1,1,Œö•ë
fld067,3,1,2,À‘ª
fld067,3,2,1,Œö•ë
fld067,3,2,2,À‘ª
fld067,3,3,1,•Çc
fld067,3,3,2,“à–@
fld067,3,4,1,Œö•ë
fld067,3,4,2,À‘ª
fld067,3,5,1,•Çc
fld067,3,5,2,“à–@
fld079,,,1,”N
fld079,,,2,XV
fld079,,,3,‰ğ–ñ
fld093,,,1,—L
fld093,,,2,–³
fld106,,,0,ƒZƒbƒgƒoƒbƒN–³
fld106,,,1,ƒZƒbƒgƒoƒbƒN—L
fld106,,,2,ƒZƒbƒgƒoƒbƒNÏ
fld111,,,1,—v
fld111,,,2,“Ío’†
fld111,,,3,•s—vi”Ûj
fld112,,,1,‘î’n
fld112,,,2,“c
fld112,,,3,”¨
fld112,,,4,R—Ñ
fld112,,,5,Gí’n
fld112,,,9,‚»‚Ì‘¼
fld114,,,1,sŠX‰»‹æˆæ
fld114,,,2,sŠX‰»’²®‹æˆæ
fld114,,,3,–¢üˆø‹æˆæ
fld114,,,4,“ssŒv‰æ‹æˆæŠO
fld114,,,5,€“ss
fld115,,,1,‘æˆêí’á‘wZ‹ê—p’nˆæ
fld115,,,10,‘æ“ñí’á‘wZ‹ê—p’nˆæ
fld115,,,11,‘æˆêí’†‚‘wZ‹ê—p’nˆæ
fld115,,,12,‘æˆêíZ‹ê—p’nˆæ
fld115,,,13,€Z‹’nˆæ
fld115,,,2,‘æ“ñí’†‚‘wZ‹ê—p’nˆæ
fld115,,,3,‘æ“ñíZ‹’nˆæ
fld115,,,4,‹ß—×¤‹Æ’nˆæ
fld115,,,5,¤‹Æ’nˆæ
fld115,,,6,€H‹Æ’nˆæ
fld115,,,7,H‹Æ’nˆæ
fld115,,,8,H‹Æê—p’nˆæ
fld115,,,99,–³w’è
fld117,1,1,1,Z‘î—p’n
fld117,1,1,2,ƒ}ƒ“ƒVƒ‡ƒ“—p’n
fld117,1,1,3,ƒrƒ‹—p’n
fld117,1,1,4,“X•Ü—p’n
fld117,1,1,5,H‹Æ—p’n
fld117,1,1,6,”z‘—ƒZƒ“ƒ^—p’n
fld117,1,1,7,‰c‹ÆŠ—p’n
fld117,1,1,8,•Û—{Š—p’n
fld117,1,1,9,‚»‚Ì‘¼—p’n
fld117,1,1,10,––±Š—p’n
fld117,1,1,11,•Ê‘‘—p’n
fld117,1,1,12,‘qŒÉ—p’n
fld117,1,1,13,‘Ş’uê—p’n
fld117,1,1,14,‰Æ’ëØ‰€—p’n
fld117,1,1,15,ƒAƒp[ƒg—p’n
fld117,1,1,16,Ğ‘îĞˆõ—¾—p’n
fld117,1,1,17,•a‰@f—ÃŠ—p’n
fld117,1,1,18,”¨E”_’n—p’n
fld117,1,1,19,–‹Æ—p’n
fld117,1,1,20,’“Ôê—p’n
fld117,1,3,55,ƒŠƒ][ƒgŒü
fld117,2,1,1,Z‘î—p’n
fld117,2,1,2,ƒ}ƒ“ƒVƒ‡ƒ“—p’n
fld117,2,1,3,ƒrƒ‹—p’n
fld117,2,1,4,“X•Ü—p’n
fld117,2,1,5,H‹Æ—p’n
fld117,2,1,6,”z‘—ƒZƒ“ƒ^—p’n
fld117,2,1,7,‰c‹ÆŠ—p’n
fld117,2,1,8,•Û—{Š—p’n
fld117,2,1,9,‚»‚Ì‘¼—p’n
fld117,2,1,10,––±Š—p’n
fld117,2,1,11,•Ê‘‘—p’n
fld117,2,1,12,‘qŒÉ—p’n
fld117,2,1,13,‘Ş’uê—p’n
fld117,2,1,14,‰Æ’ëØ‰€—p’n
fld117,2,1,15,ƒAƒp[ƒg—p’n
fld117,2,1,16,Ğ‘îĞˆõ—¾—p’n
fld117,2,1,17,•a‰@f—ÃŠ—p’n
fld117,2,1,18,”¨E”_’n—p’n
fld117,2,1,19,–‹Æ—p’n
fld117,2,1,20,’“Ôê—p’n
fld117,3,1,6,”z‘—ƒZƒ“ƒ^—p’n
fld117,3,1,13,‘Ş’uê—p’n
fld117,3,1,14,‰Æ’ëØ‰€—p’n
fld117,3,1,18,”¨E”_’n—p’n
fld117,3,1,55,ƒŠƒ][ƒgŒü
fld117,5,3,55,ƒŠƒ][ƒgŒü
fld120,,,1,–h‰Î
fld120,,,2,€–h‰Î
fld120,,,3,‚“x
fld120,,,4,‚“x—˜—p
fld120,,,5,•—’v
fld120,,,6,•¶‹³
fld120,,,9,‚»‚Ì‘¼
fld121,,,1,Š—LŒ 
fld121,,,2,i‹Œ–@j’nãŒ 
fld121,,,3,i‹Œ–@j’ÀØŒ 
fld121,,,4,•’ÊØ’nŒ 
fld121,,,5,’èŠúØ’nŒ i’nãŒ j
fld121,,,6,•’ÊØ’nŒ i’ÀØŒ j
fld121,,,7,’èŠúØ’nŒ i’ÀØŒ j
fld122,,,1,’ï“–Œ 
fld122,,,2,‰·ò—˜—pŒ 
fld127,,,1,•½’R
fld127,,,2,‚‘ä
fld127,,,3,’á’n
fld127,,,4,‚Ğ‚È’i
fld127,,,5,ŒXÎ’n
fld127,,,9,‚»‚Ì‘¼
fld128,,,1,—L
fld128,,,2,–³
fld129,,,1,ƒI[ƒi[ƒ`ƒFƒ“ƒW
fld130,,,1,’èŠúØ‰ÆŒ 
fld132,,,1,•s‰Â
fld132,,,2,ğŒ•t‚«‰Â
fld133,,,1,—L
fld133,,,2,–³
fld134,,,1,©åŠÇ—
fld134,,,2,ŠÇ—‰ïĞ‚Éˆê•”ˆÏ‘õ
fld134,,,3,ŠÇ—‰ïĞ‚É‘S•”ˆÏ‘õ
fld136,,,1,í’“
fld136,,,2,“ú‹Î
fld136,,,3,„‰ñ
fld146,,,1,V’À—¿
fld146,,,2,‹Œ’À—¿
fld149,,,1,—L
fld149,,,2,–³
fld157,,,1,ˆê•û“¹˜H
fld157,,,2,Šp’n
fld157,,,3,O•û“¹˜H
fld157,,,4,l•û“¹˜H
fld157,,,5,“ñ•û“¹˜HiœŠp’nj“ñ•û
fld158,,,1,Œö“¹
fld158,,,2,„“¹
fld160,,,1,—L
fld160,,,2,–³
fld161,,,1,–k
fld161,,,2,–k“Œ
fld161,,,3,“Œ
fld161,,,4,“ì“Œ
fld161,,,5,“ì
fld161,,,6,“ì¼
fld161,,,7,¼
fld161,,,8,–k¼
fld163,,,1,Œö“¹
fld163,,,2,„“¹
fld165,,,1,—L
fld165,,,2,–³
fld166,,,1,–k
fld166,,,2,–k“Œ
fld166,,,3,“Œ
fld166,,,4,“ì“Œ
fld166,,,5,“ì
fld166,,,6,“ì¼
fld166,,,7,¼
fld166,,,8,–k¼
fld168,,,1,Œö“¹
fld168,,,2,„“¹
fld170,,,1,—L
fld170,,,2,–³
fld171,,,1,–k
fld171,,,2,–k“Œ
fld171,,,3,“Œ
fld171,,,4,“ì“Œ
fld171,,,5,“ì
fld171,,,6,“ì¼
fld171,,,7,¼
fld171,,,8,–k¼
fld173,,,1,Œö“¹
fld173,,,2,„“¹
fld175,,,1,—L
fld175,,,2,–³
fld176,,,1,–k
fld176,,,2,–k“Œ
fld176,,,3,“Œ
fld176,,,4,“ì“Œ
fld176,,,5,“ì
fld176,,,6,“ì¼
fld176,,,7,¼
fld176,,,8,–k¼
fld178,,,1,—L
fld179,1,2,2,‚j
fld179,1,2,3,‚c‚j
fld179,1,2,4,‚k‚j
fld179,1,2,5,‚k‚c‚j
fld179,1,2,6,‚r‚j
fld179,1,2,7,‚r‚c‚j
fld179,1,2,8,‚r‚k‚j
fld179,1,2,9,‚r‚k‚c‚j
fld179,1,3,1,ƒƒ“ƒ‹[ƒ€
fld179,1,3,2,‚j
fld179,1,3,3,‚c‚j
fld179,1,3,4,‚k‚j
fld179,1,3,5,‚k‚c‚j
fld179,1,3,6,‚r‚j
fld179,1,3,7,‚r‚c‚j
fld179,1,3,8,‚r‚k‚j
fld179,1,3,9,‚r‚k‚c‚j
fld179,1,4,2,‚j
fld179,1,4,3,‚c‚j
fld179,1,4,4,‚k‚j
fld179,1,4,5,‚k‚c‚j
fld179,1,4,6,‚r‚j
fld179,1,4,7,‚r‚c‚j
fld179,1,4,8,‚r‚k‚j
fld179,1,4,9,‚r‚k‚c‚j
fld179,1,5,1,ƒƒ“ƒ‹[ƒ€
fld179,1,5,2,‚j
fld179,1,5,3,‚c‚j
fld179,1,5,4,‚k‚j
fld179,1,5,5,‚k‚c‚j
fld179,1,5,6,‚r‚j
fld179,1,5,7,‚r‚c‚j
fld179,1,5,8,‚r‚k‚j
fld179,1,5,9,‚r‚k‚c‚j
fld179,3,2,2,‚j
fld179,3,2,3,‚c‚j
fld179,3,2,4,‚k‚j
fld179,3,2,5,‚k‚c‚j
fld179,3,2,6,‚r‚j
fld179,3,2,7,‚r‚c‚j
fld179,3,2,8,‚r‚k‚j
fld179,3,2,9,‚r‚k‚c‚j
fld179,3,3,1,ƒƒ“ƒ‹[ƒ€
fld179,3,3,2,‚j
fld179,3,3,3,‚c‚j
fld179,3,3,4,‚k‚j
fld179,3,3,5,‚k‚c‚j
fld179,3,3,6,‚r‚j
fld179,3,3,7,‚r‚c‚j
fld179,3,3,8,‚r‚k‚j
fld179,3,3,9,‚r‚k‚c‚j
fld179,3,4,2,‚j
fld179,3,4,3,‚c‚j
fld179,3,4,4,‚k‚j
fld179,3,4,5,‚k‚c‚j
fld179,3,4,6,‚r‚j
fld179,3,4,7,‚r‚c‚j
fld179,3,4,8,‚r‚k‚j
fld179,3,4,9,‚r‚k‚c‚j
fld179,3,5,1,ƒƒ“ƒ‹[ƒ€
fld179,3,5,2,‚j
fld179,3,5,3,‚c‚j
fld179,3,5,4,‚k‚j
fld179,3,5,5,‚k‚c‚j
fld179,3,5,6,‚r‚j
fld179,3,5,7,‚r‚c‚j
fld179,3,5,8,‚r‚k‚j
fld179,3,5,9,‚r‚k‚c‚j
fld181,,,1,Šp•”‰®
fld184,,,1,˜a
fld184,,,2,—m
fld184,,,3,DK
fld184,,,4,LDK
fld184,,,5,L
fld184,,,6,‚c
fld184,,,7,‚j
fld184,,,8,‚ri”[ŒËj
fld184,,,9,‚»‚Ì‘¼
fld188,,,1,˜a
fld188,,,2,—m
fld188,,,3,DK
fld188,,,4,LDK
fld188,,,5,L
fld188,,,6,‚c
fld188,,,7,‚j
fld188,,,8,‚ri”[ŒËj
fld188,,,9,‚»‚Ì‘¼
fld192,,,1,˜a
fld192,,,2,—m
fld192,,,3,DK
fld192,,,4,LDK
fld192,,,5,L
fld192,,,6,‚c
fld192,,,7,‚j
fld192,,,8,‚ri”[ŒËj
fld192,,,9,‚»‚Ì‘¼
fld196,,,1,˜a
fld196,,,2,—m
fld196,,,3,DK
fld196,,,4,LDK
fld196,,,5,L
fld196,,,6,‚c
fld196,,,7,‚j
fld196,,,8,‚ri”[ŒËj
fld196,,,9,‚»‚Ì‘¼
fld200,,,1,˜a
fld200,,,2,—m
fld200,,,3,DK
fld200,,,4,LDK
fld200,,,5,L
fld200,,,6,‚c
fld200,,,7,‚j
fld200,,,8,‚ri”[ŒËj
fld200,,,9,‚»‚Ì‘¼
fld204,,,1,˜a
fld204,,,2,—m
fld204,,,3,DK
fld204,,,4,LDK
fld204,,,5,L
fld204,,,6,‚c
fld204,,,7,‚j
fld204,,,8,‚ri”[ŒËj
fld204,,,9,‚»‚Ì‘¼
fld208,,,1,˜a
fld208,,,2,—m
fld208,,,3,DK
fld208,,,4,LDK
fld208,,,5,L
fld208,,,6,‚c
fld208,,,7,‚j
fld208,,,8,‚ri”[ŒËj
fld208,,,9,‚»‚Ì‘¼
fld212,1,2,1,—L
fld212,1,2,2,–³
fld212,1,2,3,‹ß—×Šm•Û
fld212,1,3,1,‹ó—L
fld212,1,3,2,‹ó–³
fld212,1,3,3,‹ß—×Šm•Û
fld212,1,3,4,–³
fld212,1,4,1,—L
fld212,1,4,2,–³
fld212,1,5,1,‹ó—L
fld212,1,5,2,‹ó–³
fld212,1,5,3,‹ß—×Šm•Û
fld212,1,5,4,–³
fld212,3,2,1,—L
fld212,3,2,2,–³
fld212,3,2,3,‹ß—×Šm•Û
fld212,3,3,1,‹ó—L
fld212,3,3,2,‹ó–³
fld212,3,3,3,‹ß—×Šm•Û
fld212,3,3,4,–³
fld212,3,4,‚P,—L
fld212,3,4,2,–³
fld212,3,5,‚P,‹ó—L
fld212,3,5,2,‹ó–³
fld212,3,5,3,‹ß—×Šm•Û
fld212,3,5,4,–³
fld219,,,1,–Ø‘¢
fld219,,,2,ƒuƒƒbƒN‘¢
fld219,,,3,“Sœ‘¢
fld219,,,4,RC(“S‹ØƒRƒ“ƒNƒŠ[ƒg‘¢j
fld219,,,5,SRCi“Sœ“S‹ØƒRƒ“ƒNƒŠ[ƒg‘¢j
fld219,,,6,PC(“SœƒvƒŒƒLƒƒƒXƒgƒRƒ“ƒNƒŠ[ƒg‘¢j
fld219,,,7,HPC(“SœƒvƒŒƒLƒƒƒXƒgƒRƒ“ƒNƒŠ[ƒg‘¢j
fld219,,,8,Œy—Ê“Sœ
fld219,,,9,‚»‚Ì‘¼
fld220,,,1,İ—ˆ
fld220,,,2,‚Q~4
fld221,,,1,•½‰®Œš‚Ä
fld221,,,2,‚»‚Ì‘¼
fld229,,,1,V’z
fld230,,,1,–k
fld230,,,2,–k“Œ
fld230,,,3,“Œ
fld230,,,4,“ì“Œ
fld230,,,5,“ì
fld230,,,6,“ì¼
fld230,,,7,¼
fld230,,,8,–k¼
fld240,,,1,“k•à
fld240,,,2,Ô
fld247,,,1,ÄŒš’z•s‰Â
